{
  "resolutions_since_reflection": 7,
  "knowledge": {
    "total_resolutions": 30,
    "previous_scorecard": {
      "resolutions": 20,
      "trades_taken": 2,
      "win_rate": 0.3333333333333333,
      "avg_pnl_per_trade": 1.2406543699717902,
      "avg_win_size": 39.14758395514344,
      "avg_loss_size": -17.712810422614034,
      "hold_rate": 0.7
    }
  }
}
