{
  "weights": [
    -0.001634,
    0.012491,
    0.100981,
    0.063934,
    0.019418,
    0.041574,
    -0.005276,
    0.039281,
    0.000795
  ],
  "bias": 0.036294,
  "training_samples": 33,
  "feature_names": [
    "streak_signed",
    "streak_magnitude",
    "btc_vs_open",
    "volatility_30m",
    "volume_ratio",
    "up_midpoint",
    "down_midpoint",
    "book_imbalance",
    "flat_ratio"
  ]
}
